PC1,PC2,true_channel
3.4885612210090384,0.7210724413117965,pop3_remnant
3.2092323930103857,-0.19838704554681838,pop3_remnant
-2.287177629899093,-0.5580420172772456,field_binary
-1.1536988405775093,0.13548954002903127,globular_cluster
-3.0540318454963873,-0.14148589255845592,field_binary
3.1556355071936646,1.212835965470476,pop3_remnant
-2.5154231702549996,0.8772713411464792,field_binary
2.0783093021784462,0.5059542737409733,pop3_remnant
-0.985929371762785,0.9109179422459677,globular_cluster
1.8003885694555966,0.63005316822537,pop3_remnant
1.7951575884051376,-0.019245158180689347,pop3_remnant
-2.1833260756981305,1.228226283677572,field_binary
-2.9582570073545003,-0.639514884660075,field_binary
1.910515064700456,0.9117327505022091,pop3_remnant
-1.866711881294954,-1.493224632314387,field_binary
-1.8643464743798637,-0.5993527883840496,field_binary
-0.9502529604396857,-0.7682683291638142,globular_cluster
1.0203019860598308,-0.8352047155050712,globular_cluster
0.4453368148159403,-0.18989065822930506,pop3_remnant
-0.6060952662123246,-0.7799159401409657,globular_cluster
-2.3244056890467943,2.184394405499412,field_binary
-2.134900976393646,-0.5789270116561769,globular_cluster
-0.07467650986436336,0.7514061067684872,globular_cluster
-2.6381822010332696,-0.6689759767542885,field_binary
-2.7747756865717528,3.077097191539598,field_binary
-2.118630103542446,-0.7646458638950095,field_binary
-0.3762392578087358,-0.1297099203552295,globular_cluster
-0.6738370407268011,-0.4554669814788806,globular_cluster
-1.666914286013983,-0.41121672483996535,field_binary
-1.3649157110347365,-0.4653968960977485,globular_cluster
-2.6428093057126447,-1.4001815364438117,field_binary
1.5982640226525087,-0.5628545790863873,pop3_remnant
-0.3720868885198169,1.0889280854861116,globular_cluster
-0.3334500575990454,-0.6417607324395984,globular_cluster
-2.828972278649276,-0.7697449675613386,field_binary
-0.17704833104625162,-0.5804464580171103,globular_cluster
0.08301113894406023,-1.4699640425747724,globular_cluster
-2.2475725766009194,-1.4600199150200073,field_binary
-1.4187301317515684,-1.1547672904732649,field_binary
-0.2208097946109774,-0.5448781807289589,globular_cluster
1.9676156668647535,1.3678860566669733,pop3_remnant
-1.7211448187039686,-0.3030904270002915,field_binary
3.116559570655122,-0.7755292671806776,pop3_remnant
-2.6931430881481737,-0.15583990319245514,field_binary
3.0691898290229793,0.7547155890787813,pop3_remnant
-2.8674818705858884,1.7630155488428183,field_binary
-3.395969794474655,0.17595332168040292,field_binary
-2.8356791880793204,-0.02532807872227756,field_binary
-1.9207873932174941,-1.0383694271607584,field_binary
-2.555896436674519,-0.43091419769655825,field_binary
-0.7046591507542784,-0.12245243185418284,globular_cluster
2.482969697593819,-0.5085544623583188,pop3_remnant
-2.102234188630239,-0.4949291040276763,field_binary
-2.501104958181526,-1.3076147726836005,field_binary
3.8266742235940745,0.38993802907541286,pop3_remnant
-3.1844458332978878,4.371890842254331,field_binary
3.0786009869006183,-0.31374012509925864,pop3_remnant
2.631567890120534,2.4238881124603493,pop3_remnant
2.8428442385374884,0.9013270997614491,pop3_remnant
-3.0326181962968635,4.429498497735797,field_binary
-2.3566469093799722,0.7666903100703584,field_binary
-2.8505221506343674,0.18366382840983297,field_binary
-2.995724192792832,-1.3109692656181167,field_binary
-3.048758023630198,-1.4122123246983533,field_binary
-2.9463085019125854,4.9330522278445255,field_binary
2.78326412981916,1.9207502327954675,pop3_remnant
-1.918063163438793,-0.7143539770185099,field_binary
0.0674165996459773,0.03160684406768628,globular_cluster
-0.29913620943904295,2.445356398477381,globular_cluster
-0.893016695537799,-0.29465968687962574,globular_cluster
0.5674251412140963,-0.41756322953400626,globular_cluster
-2.7488192985932267,1.2378501916276254,field_binary
3.154527554564543,-0.2859378954837014,pop3_remnant
-2.153397831295271,-1.2260360147708527,field_binary
-2.5078186455400484,0.9986436600680423,field_binary
0.20814998254516479,-0.5014310845860944,globular_cluster
-2.48872458410586,0.782520602567428,field_binary
-3.4161979886530993,-0.6494923993680993,field_binary
2.932648164026248,-1.1947519487847014,pop3_remnant
3.377287589428405,-0.9220316249930038,pop3_remnant
2.734703306079116,-0.3229020107173868,pop3_remnant
-2.030634755393726,-0.10959247623673345,field_binary
3.0510230445931636,1.4382237243682414,pop3_remnant
-1.8307500267178343,-0.299092558559087,field_binary
-0.7603903445520234,-0.4706158982193871,globular_cluster
2.9285846981979464,-0.12887834704419643,pop3_remnant
2.052546092981307,-0.8458488023589614,pop3_remnant
-2.9207497420524624,-0.10161060661250935,field_binary
4.695040290430152,0.18655160898194192,pop3_remnant
-0.8189329211914047,0.30942570761289706,globular_cluster
-0.19077926523899943,0.3957215322622261,globular_cluster
0.06606239105212786,-1.1671590124027977,globular_cluster
-1.9160110007842581,-0.19256016111171897,field_binary
-2.6282108794398793,-0.6178256225832048,field_binary
3.0537247404963606,-0.7120663770778046,pop3_remnant
-0.6878105821074036,-0.3543396232542301,globular_cluster
0.35767770385785463,-0.3896928567248624,globular_cluster
3.9372605981394906,0.7455846059270498,pop3_remnant
-2.622666700415105,-0.8413854768017148,field_binary
-2.4267723572714477,2.91377568071017,field_binary
-1.1230870546204392,-0.12852969478954168,globular_cluster
-2.4242334397250405,-0.4255273235726856,field_binary
-0.2945789469969256,-0.6777103535448661,globular_cluster
-2.555620582290508,-0.23965918061336394,field_binary
2.7015322307763308,0.015621641962408802,pop3_remnant
-1.5860840023188743,-0.47663035455280134,globular_cluster
1.975414014613802,-1.0449872452094018,pop3_remnant
4.0490142760389585,0.3541585665789124,pop3_remnant
3.0159174690637798,1.258613949693392,pop3_remnant
3.1320319351713763,-0.9189048370203856,pop3_remnant
-3.1529969176578367,5.494591572877585,field_binary
3.279342074033256,0.05929906274032985,pop3_remnant
-2.6827517324974073,-1.176641390654094,field_binary
2.962858602469004,-0.021233062640290432,pop3_remnant
0.2065910130070876,-0.9553891412048491,globular_cluster
4.138070950489544,-0.1381656762545826,pop3_remnant
-2.8731874130911996,0.7055041279129046,field_binary
-2.5940853888013313,1.1498527359003903,field_binary
-1.159927797632117,-1.1193959553660946,globular_cluster
-2.5928074897175937,-1.3524360342094848,field_binary
-1.3108751050082479,1.464346446951088,globular_cluster
3.229824709493122,1.3560871871304347,pop3_remnant
2.6439859776875623,-0.12857982111941285,pop3_remnant
1.4913606530185999,0.9713473922647454,pop3_remnant
-0.39336659490950854,0.16051047826469778,globular_cluster
3.1574426862803455,-0.3908417761188012,pop3_remnant
-2.495664478369211,-0.14543706759310146,field_binary
-3.0361688651191843,0.3276503662584774,field_binary
0.46140490126415623,-1.3054341612198417,globular_cluster
-0.5661131883378644,-1.0960825340243225,globular_cluster
-2.3887517453508673,-0.5230343469957441,field_binary
2.560706404857467,-1.3891404365629099,pop3_remnant
-2.079243272791349,-1.1599027133109467,field_binary
-2.7044828978236914,-0.287414635365167,field_binary
2.87934487919721,0.1321277740394395,pop3_remnant
0.27092708535519877,0.1594308324714501,globular_cluster
0.17324894609786864,-0.730918982186731,globular_cluster
-0.5050844895560767,0.9811975522892196,globular_cluster
-0.3001553810602008,-0.46270217860363766,globular_cluster
2.2658340458348802,0.6725859500725645,pop3_remnant
2.143833590496184,1.3074814566015025,pop3_remnant
-0.47573735365381886,2.2012930076165618,globular_cluster
-2.9954987071345878,-1.111240940238682,field_binary
0.4023815574739593,-1.0247997531921758,globular_cluster
-1.3355210477219803,-0.8004452498171947,globular_cluster
-1.3845107854847085,-0.9278718489574397,globular_cluster
-0.1568737459055807,-1.5957869114005372,globular_cluster
-1.3711991700690067,-0.7812713952076819,globular_cluster
-0.527472644487832,-0.7550112045694105,globular_cluster
-0.31363274641743916,-0.49219871979315044,globular_cluster
2.7251428321698112,-0.5556878901482422,pop3_remnant
-2.2434233035208333,-1.0597017872855412,field_binary
0.7105856212057389,1.3763594192838386,globular_cluster
-2.0736279537083124,1.6816944144720245,field_binary
1.8296380561971977,-0.4001742675654865,pop3_remnant
-1.2630069608836696,-0.416559349577787,globular_cluster
-2.598502244306925,-0.8012872344915988,field_binary
-2.436668866446465,-0.775377847020703,field_binary
3.861749817260689,0.8329392918364097,pop3_remnant
-2.985546450870732,-0.7300398375121047,field_binary
3.132935128143699,0.5744373718938338,pop3_remnant
1.5643723036549195,-0.21452686278824273,pop3_remnant
3.157123108248047,-0.758552781270714,pop3_remnant
-2.7877137787593553,-1.2725231899792582,field_binary
-2.5011640490142506,1.6730057917343817,field_binary
1.6188034328460699,0.8711119767905964,pop3_remnant
-2.2816349644373064,-0.35350322280935603,field_binary
2.391363330527778,-1.1376738020689563,pop3_remnant
3.473001206350703,-0.9512009749419512,pop3_remnant
-2.7211848628727706,1.7859972490315867,field_binary
-1.268118554147629,-0.9997971188048426,globular_cluster
2.615152004173241,-0.33556783612219926,pop3_remnant
-2.5003355448879105,1.0664865457084776,field_binary
-2.340605855708765,-1.1795072367994692,field_binary
-1.938444254062877,-1.462921484393195,field_binary
-0.17125512335051243,-1.2212262699259133,globular_cluster
-1.972554824067464,-0.9833848392868215,field_binary
2.2649016756284506,-0.7396730875437487,pop3_remnant
-2.518951827938334,-0.37920136674884747,field_binary
-0.23355348378668075,0.06334266749793076,globular_cluster
-0.17719931690147564,0.3000837557426385,globular_cluster
3.156172188918954,-0.19403891094145184,pop3_remnant
-2.910748249825174,3.511057553946756,field_binary
4.528019993232827,0.011897661453633334,pop3_remnant
-2.5838552448894814,-1.0947971884850605,field_binary
3.2729012526819297,0.41935022824313994,pop3_remnant
-0.3996732532520818,-1.2163033378465014,globular_cluster
3.1527716941459714,0.009076777164140216,pop3_remnant
-0.23372712361890685,-1.5047394841761983,globular_cluster
0.6732925602598795,-0.13659530632189973,globular_cluster
4.197433681451417,-0.06165765336986268,pop3_remnant
0.27836734910668876,0.3587257433763516,globular_cluster
-3.1794919514000695,1.8892112939177979,field_binary
2.7233423395882537,1.872357320212557,pop3_remnant
-0.2151193935982051,0.1205757192233152,globular_cluster
-1.5824692480454743,-1.2892652727727325,field_binary
-2.8519513840885686,-0.8911168191198897,field_binary
3.5700042520671773,-0.7487769623437526,pop3_remnant
1.2845592720581105,-0.125274244705104,pop3_remnant
-2.227443655470127,0.5295913272095586,field_binary
2.7376779882936506,1.429281767886899,pop3_remnant
1.8815291227121214,0.42475618675773774,pop3_remnant
0.11125501665711367,-1.387815791430118,globular_cluster
2.2968781266954275,-0.3824079795777727,pop3_remnant
4.329138030240652,-0.1267511115531115,pop3_remnant
-2.1425535038554138,-1.1571112695735222,field_binary
-0.04291761125844367,-0.5906624324326492,globular_cluster
-1.2941346874159243,-0.9420268327017639,globular_cluster
0.2565971663776909,-0.7924996647430371,globular_cluster
3.654451546401493,0.5319079754046763,pop3_remnant
1.7314698178473387,-0.11228039152153572,pop3_remnant
0.618295109445852,-0.6067195976224093,globular_cluster
-0.40436570430314533,-0.7212687628681864,globular_cluster
1.849637392826943,0.8675366731824387,pop3_remnant
3.702388836966587,1.0232274966004575,pop3_remnant
-2.879697532893863,-1.2380923600625757,field_binary
0.7655381232993796,-0.6953935696892273,globular_cluster
-1.7979038075954275,-0.772062714246715,field_binary
-0.5725293166982791,0.36733228716162597,globular_cluster
-0.540931402164992,0.2978780129629018,globular_cluster
2.706455583563719,-0.7759862039534584,pop3_remnant
2.885539498688045,-0.5882030233299457,pop3_remnant
2.7799223404491036,-0.8856314312283852,pop3_remnant
2.8588398087574114,0.20380829899926559,pop3_remnant
-3.1082051137332676,-0.3424361250655758,field_binary
-0.33967446898623976,-1.0337879719204317,globular_cluster
-0.4983041457634558,1.4302081768235375,globular_cluster
-3.606915264332848,2.768769717377839,field_binary
-2.40923437898439,0.340510427651974,field_binary
0.21554789772020966,-1.042002997113646,globular_cluster
-3.1567629223808953,1.4645308641287802,field_binary
-2.5579999989101667,0.2554449293035895,field_binary
3.1774413523055407,-0.6745062856044105,pop3_remnant
-0.40385513087930675,1.9211797096308676,globular_cluster
3.82724563036802,0.1939314914160487,pop3_remnant
-2.188208748174318,-0.9755388041458893,field_binary
1.88450493373147,0.7414467903674895,pop3_remnant
0.3803978640362004,-1.087009164594976,globular_cluster
4.08605279517093,0.08598857894582491,pop3_remnant
2.8637388170065794,0.45874477739888164,pop3_remnant
-2.211527617220106,-0.33622754759083945,field_binary
0.6367375057993965,0.20775711417514608,globular_cluster
-2.1296505788382385,-1.4362003234350271,field_binary
3.0778133489306145,0.46847630164933973,pop3_remnant
-2.985370866766138,-0.24859261077092784,field_binary
-1.0126182935693475,-0.3357292469249445,globular_cluster
-0.31526062767632373,-0.15935512853373182,globular_cluster
3.1923448117655733,-0.9885934597817609,pop3_remnant
-2.5936959420565366,0.15710577261842165,field_binary
-2.804370791543745,0.7121339047871723,field_binary
-0.11526866889421404,-0.21957696446166072,globular_cluster
-2.249876071115027,-1.271539467849615,field_binary
-2.2064681052578305,-0.05605142588042102,field_binary
-2.3486637200679277,-1.4485442041431074,field_binary
2.05032799185574,0.9611025659855902,pop3_remnant
1.992248961639008,-0.7629403724981018,pop3_remnant
-2.2820162939327293,0.7116605945366105,field_binary
-0.08356876575926968,-0.9540944821048607,globular_cluster
-1.8605908290158986,-1.0876028561404303,field_binary
4.129767520555431,0.3962191066712881,pop3_remnant
-0.02581116695289708,-0.31805288856993225,globular_cluster
-2.0370566257039844,-0.40028535968996143,field_binary
2.467525224310128,2.2022040908566605,pop3_remnant
0.11391379487137575,0.029967299786171558,globular_cluster
0.9019226623439414,0.20321323507618796,globular_cluster
-0.4069587406281954,-1.184186383652551,globular_cluster
0.6266115172412142,-0.9215767159330476,globular_cluster
0.20323925575226734,-1.2394006041691374,globular_cluster
1.9481163653438986,0.7926683129167391,pop3_remnant
-1.1077371123312914,0.48400921166982963,globular_cluster
-0.6982122465811746,-1.3200064745830442,globular_cluster
-1.5640639210414722,-0.6970473162822306,globular_cluster
-0.055357303529173896,-1.0358013646502358,globular_cluster
3.396126308099958,0.5937320320856864,pop3_remnant
-3.164375721145823,-1.0726473793571467,field_binary
-3.1544686947868503,-1.1103101274415115,field_binary
-2.7113582177207856,-1.1414247262181283,field_binary
-2.2069222312654793,-1.288029300780486,field_binary
-0.8155798812440037,-0.15819271807303295,globular_cluster
-2.7975866665447575,0.13698734392629028,field_binary
2.5043365227298127,0.07510115149356637,pop3_remnant
3.075169987074057,1.4572616053082792,pop3_remnant
-2.2092480095452594,-0.05096466673709037,field_binary
3.3452400411159093,0.13778144308053855,pop3_remnant
1.013353365902406,-0.9439086517668441,globular_cluster
2.1764322697181306,-0.998894386219642,pop3_remnant
0.8941566291503331,-0.45135742007190527,globular_cluster
1.8153337794686941,2.394144765296437,pop3_remnant
-0.11118664779299205,-1.1530365832591993,globular_cluster
2.1104989632597255,1.6214435388523731,pop3_remnant
0.2873029064556524,-0.15503357715732735,globular_cluster
2.919511240559672,2.5291894291054535,pop3_remnant
-0.5576916260672565,0.6214606906319169,globular_cluster
2.749917336465544,1.514345971680265,pop3_remnant
-3.7387341742969906,4.006615843418055,field_binary
-0.07181374280522057,-1.3005293902316921,globular_cluster
-0.01525248240921444,-0.9513296698265399,globular_cluster
2.0524554720754358,0.6165728654265824,pop3_remnant
2.861536698808542,2.080115077243226,pop3_remnant
1.8798666994317887,1.2814150778256432,pop3_remnant
2.4403507726042517,0.34214429371278215,pop3_remnant
3.0874585381971293,-0.46458204167687545,pop3_remnant
-2.3624304174971975,0.5077805215394217,field_binary
2.746757777407233,-1.152039045217593,pop3_remnant
-0.2534793725930055,0.06612371823878845,globular_cluster
4.277200986876308,-0.6129856992019873,pop3_remnant
1.372319078320072,-0.009524982805345545,pop3_remnant
-2.8901458102941238,0.22612577188147726,field_binary
-2.6978240322877878,-0.3227120367721503,field_binary
3.2064473049329614,-0.7633083068951937,pop3_remnant
-2.291479383106682,-0.21391057864745647,field_binary
-2.3868073906847256,-0.2895541781091466,field_binary
-0.47675936265488283,0.14649878908035305,globular_cluster
2.89804006685867,2.049902719288099,pop3_remnant
-3.0189977096244767,1.7181624335557995,field_binary
-0.6462405688269957,-1.1112930930451732,globular_cluster
0.13217098211253722,0.47365419639368805,globular_cluster
2.910510709605225,-1.4740410672491577,pop3_remnant
0.1300731852314217,-0.052718688275926746,globular_cluster
1.8456927230788427,-0.13715588639575305,pop3_remnant
-1.1000294718351504,-0.46872656107957716,globular_cluster
2.3402987163808833,0.47285689772615785,pop3_remnant
0.2941020600514242,-0.3365858069539093,globular_cluster
-0.3879895648561254,1.6799152562049144,globular_cluster
2.4366840848951834,0.7955196337488337,pop3_remnant
-0.555622638058076,0.7688399222034991,globular_cluster
0.40684940335252157,-0.26382499214115346,globular_cluster
-2.745143127475352,-0.9065805203448287,field_binary
3.9198134577522272,-0.4547311921981892,pop3_remnant
-2.6619325668665956,1.2891056629613165,field_binary
0.3893950759342688,0.23895264089233426,globular_cluster
-2.1867885134450304,-0.7755031216653715,field_binary
-2.19582465350009,1.6187147978781073,field_binary
-3.1502566323526655,2.395757621302194,field_binary
0.9569785508932711,0.20401954746332948,pop3_remnant
-0.5131378150862709,-1.3484529882441028,globular_cluster
-0.5377324844011407,-1.1821597408488436,globular_cluster
-2.492737942394654,1.8110872541766705,field_binary
3.10169505174882,0.8686531778062925,pop3_remnant
-2.4448325472325756,0.29302819339147695,field_binary
3.4696624781706906,-0.01243407180702883,pop3_remnant
-2.7165170937979846,-0.9828883054060449,field_binary
2.916873708438687,-0.30807535779980266,pop3_remnant
-0.8121661445816105,-0.18331041059604786,globular_cluster
0.7643991333376796,0.06134261528162064,globular_cluster
-0.8338781194592398,0.7255580297073027,globular_cluster
0.07502257051860535,-0.9705731990967361,globular_cluster
0.23234678344302245,-1.2587850146361677,globular_cluster
2.019245071705785,-0.7983836394494951,pop3_remnant
-1.864804511223592,-0.533740600910176,field_binary
-2.17615760993475,-1.1625121264464318,field_binary
-2.906523864382058,2.167624107162802,field_binary
-2.103336673978433,-0.6952182077348892,field_binary
-2.0225164429933815,-1.0415024084183269,field_binary
-0.17580255416692966,-0.4272155066744555,globular_cluster
-2.5527949363876523,0.06063246768225879,field_binary
-3.0420586137539725,-0.4557285805442012,field_binary
-2.1107352495160816,0.7606995497295942,field_binary
-0.25059164360290764,-1.5314006997171659,globular_cluster
-2.715652298371075,-0.9327899513771752,field_binary
0.689962010709794,0.8965876462422439,globular_cluster
-2.8068575341686186,-0.8461092522467489,field_binary
-1.7449862163379808,-0.7135389880603097,field_binary
3.774452364563161,1.3707850412043725,pop3_remnant
2.6132566854526984,1.0902264363551026,pop3_remnant
2.887412228542563,0.5062472151591294,pop3_remnant
-3.1432748303135685,0.2339474347939239,field_binary
2.8858073350891478,-0.8364422371047339,pop3_remnant
-0.3264685308516217,0.11125279457445708,globular_cluster
0.16882637803586778,0.8991304204614117,globular_cluster
-0.5264934460780439,0.8286427171054742,globular_cluster
2.1095171695801174,0.5388809080767981,pop3_remnant
2.326476240429085,-0.7656972000067866,pop3_remnant
0.35838666122201984,-0.49735441287143706,globular_cluster
-0.15042286929364526,-0.9208846585290427,globular_cluster
-1.4184355499708996,-0.40803685691586083,globular_cluster
1.8668766117798055,-1.1403840712385063,pop3_remnant
-1.8033620941062891,-0.28777944231990854,field_binary
4.369943206684092,0.2892833864657394,pop3_remnant
-2.933288822660465,0.5357962606343851,field_binary
2.6399725150445863,1.3024569717122894,pop3_remnant
2.0382248034868686,-0.1555920226943222,pop3_remnant
-1.4839568622497323,2.2320002300224657,globular_cluster
2.8928203805848454,0.6632753350034183,pop3_remnant
-0.20806494146884869,0.47362762100382544,globular_cluster
1.7706532184315553,2.2893548611765233,pop3_remnant
-2.800739943260781,-0.9859504631771058,field_binary
-0.3767963623399079,-1.396713325750413,globular_cluster
-2.081306487704835,-1.0860897643286005,field_binary
3.65003225967118,-0.5899614581127185,pop3_remnant
-0.268372618846968,-1.4239791341707773,globular_cluster
-1.4298213587097295,-0.2802067863717915,field_binary
3.042856876755217,-1.3438115005887803,pop3_remnant
-1.8977281874439522,-0.4608291597934738,field_binary
-0.2948486104427009,1.6579823822892352,globular_cluster
1.7119602983666413,-0.4465122268107553,pop3_remnant
-2.6401827742218327,-0.022842526098370064,field_binary
-0.658763196771064,-0.6254749644798111,globular_cluster
-0.7825012166170972,-0.245221659048694,globular_cluster
-0.4608389574303656,1.0752393860771285,globular_cluster
-0.337473652230475,-1.2344721176043183,globular_cluster
1.9394023377407836,1.217020675571683,pop3_remnant
-2.1665957694768143,-0.9585317935846658,field_binary
2.6690213247699592,2.0795194263823875,pop3_remnant
-0.3106294281902383,-1.5108183512868587,globular_cluster
-2.541701956371858,0.44366230450129107,field_binary
-2.3296177702533334,-0.21251531952069644,field_binary
-2.5802224466557293,0.37424355731365094,field_binary
-0.2539475070890725,1.7405940586919668,globular_cluster
-0.4455454065803351,0.06680465513321493,globular_cluster
-0.3490300978001277,-0.5798791374656728,globular_cluster
0.393508481790134,-0.42581788249194313,globular_cluster
-0.9035769518659904,-1.182610885454322,globular_cluster
-1.6413829650198797,-0.36510265057823216,field_binary
0.12171746803638823,-1.2052028720484118,globular_cluster
-1.7173964238045754,-0.8816474165322159,globular_cluster
-2.438955191906582,1.0126744501686582,field_binary
0.4160179458466227,-0.9923419299482349,globular_cluster
-0.3218260036290147,1.3332566659190384,globular_cluster
-0.7147821031791582,-1.17822843262272,globular_cluster
-2.7937495274840565,-1.1624246506853182,field_binary
-1.734311913702581,-1.056402100061448,field_binary
2.669840587930283,-0.4847218444832025,pop3_remnant
0.12311592599162344,1.4293860680669366,globular_cluster
-0.4185560381986731,-1.2903846131867978,globular_cluster
-2.183959019591893,-0.7568634261281588,field_binary
0.5237606854702337,0.15946724626143446,globular_cluster
3.48608114161296,-0.7294025754929645,pop3_remnant
-0.7578538293332063,-0.277233183731811,globular_cluster
-2.9615751225549074,0.22568067361543404,field_binary
0.6607813269316801,-0.5370370249842523,globular_cluster
-2.218709505473846,-0.7709633571810166,field_binary
-1.83830317183391,-0.5338962525391401,field_binary
-2.178958062447944,0.8722972719110116,field_binary
-0.8739436397239142,-0.23899542529814774,globular_cluster
-1.9461790590808186,-0.7547253879726097,field_binary
-3.118204690717974,1.633922483028605,field_binary
-3.0717189707690493,2.9879762347548695,field_binary
3.6232031267317777,-0.2510970015491222,pop3_remnant
-2.2944301489498735,-1.1365526742496428,field_binary
-1.2139193889643172,1.9747153124703272,globular_cluster
2.6611387643518696,-0.7437952653626364,pop3_remnant
3.419673334208927,0.7476230017948755,pop3_remnant
0.31455218662368034,0.5250956465094363,globular_cluster
4.040818697764549,0.351597279341397,pop3_remnant
-0.23979959296350353,-0.9691672970532281,globular_cluster
1.982968459627198,2.4431887327000483,pop3_remnant
-0.18472169232428678,-1.4588440069911959,globular_cluster
-0.5496763358186704,-0.2455229613638752,globular_cluster
-2.913851939398141,-0.6849155932929232,field_binary
-1.0967156647029523,-0.3192937097471996,globular_cluster
-0.8314452006939054,0.7220167485100956,globular_cluster
-0.8562970518783777,0.17705301579291752,globular_cluster
3.0312722684324718,1.1861979530009454,pop3_remnant
2.8938840790685783,0.29861090095953596,pop3_remnant
-2.7426065776642408,-0.7525879778352258,field_binary
-3.0210128014946096,0.6857014288833418,field_binary
2.645750069302627,1.652615159426361,pop3_remnant
3.386462099667246,-0.4447416906290819,pop3_remnant
-3.3199567848168288,2.803418697257984,field_binary
0.48348922577274733,-1.1191144590686506,globular_cluster
-2.2768831594810255,-1.052460423344368,field_binary
-2.3393124390645244,-0.8346779143047023,field_binary
-2.5754236784239763,-0.8218355585884966,field_binary
2.6182249522883416,-1.1418136026241912,pop3_remnant
0.7407548747589887,-1.2215025019495591,globular_cluster
-0.31579133827289707,0.32541311078834617,globular_cluster
-1.9210684317942284,-0.45907585239952114,field_binary
3.156825054878614,-1.248160757390911,pop3_remnant
2.214485494219028,2.0148778232513402,pop3_remnant
-0.6185943388089312,-0.41296294015746055,globular_cluster
1.940546642999771,-0.1545732088540567,pop3_remnant
3.147155271168009,-0.23089447384791817,pop3_remnant
-2.5711034340387706,-0.897384535928904,field_binary
-1.276065507015941,0.3050486890557204,globular_cluster
-1.0664826337194548,-0.4539629717265967,globular_cluster
-2.8411312393503594,2.2845152125034325,field_binary
-1.916886838543265,-0.8234935240323628,field_binary
-0.5515771819629142,-1.054135804062286,globular_cluster
-2.91657215352825,-1.4618061169768302,field_binary
3.889721459506478,0.12707076870403794,pop3_remnant
-0.3444489405365764,0.34352647640291134,globular_cluster
-0.34804036415439016,1.3103791725799652,globular_cluster
-1.1732579455148535,-0.3199666109272892,globular_cluster
-2.875679582281617,1.9741758595091579,field_binary
-2.0520717434616556,-1.166991338771679,field_binary
-0.799368762705997,0.530173867900898,globular_cluster
2.735547982836965,-0.008921174490883086,pop3_remnant
0.4129785855324832,0.20649051847027247,globular_cluster
-2.5311813022137186,0.038662401552383825,field_binary
2.8734537429484073,-1.0652344927670792,pop3_remnant
-2.4272048396752175,2.257223552214006,field_binary
-2.1673397432453,0.32292188290228385,field_binary
0.6122168128735397,-0.046358255819528515,globular_cluster
-2.9673089602276153,-0.07024210495431012,field_binary
-0.8712833098527331,-1.3780138821396553,globular_cluster
2.290426077656654,2.190803865891546,pop3_remnant
-0.45332139525221343,0.24676720006867864,globular_cluster
3.096676593495732,-1.3052427771359032,pop3_remnant
2.334780070680266,-0.27022289498660573,pop3_remnant
0.10100245861659558,-0.708041362916648,globular_cluster
0.010109196356060189,0.8579035009438857,globular_cluster
-1.118790766290761,2.202158220489567,globular_cluster
2.4082634518776245,-0.23739694037876252,pop3_remnant
3.3968784263204665,-1.0142034643469027,pop3_remnant
-1.8079980977206558,-1.0838352041488235,field_binary
-2.2023195496756665,-0.4589424159128102,field_binary
0.25023015342925137,-0.5946029759174468,globular_cluster
-1.3480011895341593,0.6370030854828765,globular_cluster
-2.3441638372520277,2.5319293649509125,field_binary
-1.8605657558590618,0.3101747233796735,field_binary
-0.45208302399570544,-1.4340132265614451,globular_cluster
0.10442651589475702,-0.5898552567808517,globular_cluster
3.3153770464044747,-0.4995203561323052,pop3_remnant
3.294458087897178,0.4699143616238109,pop3_remnant
1.7847498183942765,0.17426885469128905,pop3_remnant
-1.8938815939516165,-0.6741631054860461,field_binary
0.8464178497020933,-0.2243770489794215,globular_cluster
1.0905415994995784,0.3474430579342517,globular_cluster
-2.5061710454220187,-0.4935769412016605,field_binary
-3.4583497420494527,-0.5898286310830786,field_binary
2.4837870822698775,-0.8325270572362401,pop3_remnant
-3.3058104440071325,-1.0355561870043641,field_binary
-2.766249776635846,-0.0894451614207151,field_binary
-3.214353074628112,1.7642423304578427,field_binary
2.81971022937404,-1.0409988394862926,pop3_remnant
-2.308280114058035,-0.8251815452074247,field_binary
-2.5560631304818004,-0.29878224844501594,field_binary
3.4785511634854225,-0.42498873753918476,pop3_remnant
-2.4090309840782425,-0.9066273670269978,field_binary
1.5654449875821868,-0.21868356664315675,pop3_remnant
-2.4265003461189307,-1.299822662576964,field_binary
0.3352201437758355,-0.2277162174299098,globular_cluster
2.4175568120070583,1.2275362746853788,pop3_remnant
-1.9557394358485387,-0.16602313729178966,field_binary
2.7467251441780594,1.8015772148690954,pop3_remnant
0.25837713092056996,-0.5565988815945245,globular_cluster
2.491973853508575,-0.9309542077024358,pop3_remnant
-2.5485334660599985,0.5470154489133418,field_binary
1.0707592682238103,-0.2637707749801972,globular_cluster
1.6245789487699611,0.5254343920533444,pop3_remnant
-0.21770719756387893,-1.4160148236188652,globular_cluster
-2.5606463080965183,0.8050137437312443,field_binary
2.6494822974555765,-0.3792735671386995,pop3_remnant
2.05533723686057,0.2516652641234023,pop3_remnant
0.1696989694303151,0.3560914040812825,globular_cluster
2.3593205543105435,0.43291363056421595,pop3_remnant
-2.368000311624125,-1.4609409575850103,field_binary
0.46346612703830015,0.17824893869962946,globular_cluster
2.018278369239796,0.22059801100049362,pop3_remnant
-2.210971837627331,-0.49488537717781717,field_binary
-2.5777122049372325,-0.642631185302233,field_binary
0.6380940073277405,-0.9942814261541844,globular_cluster
2.3780505624079433,0.11700560447695296,pop3_remnant
-2.843344930527869,-0.27384692645179076,field_binary
1.8876764569556903,-0.12469077802335168,pop3_remnant
2.065207666818511,0.6691650215177659,pop3_remnant
2.771029737946683,0.2423844834248522,pop3_remnant
3.2648383648170034,-0.7959253505745804,pop3_remnant
0.5193506617841268,1.119248450941816,globular_cluster
3.3166331399449787,0.53719911903088,pop3_remnant
-0.16110743917896955,0.20063547354427852,globular_cluster
2.2628583598662133,-0.8626996178370036,pop3_remnant
2.562914488664876,-0.8078694256712758,pop3_remnant
-0.5865072208114941,-0.6580726720349788,globular_cluster
1.0030341212425962,-0.5102455275623603,globular_cluster
3.7460361537439404,-0.2859286132840815,pop3_remnant
-2.6801955236532806,-1.4827813106858165,field_binary
3.664050081674458,-0.39227822693235703,pop3_remnant
-2.04669104950078,-0.472092434733964,field_binary
-3.086716444483824,1.4970636736869467,field_binary
-2.6506642981644006,2.5370868239627113,field_binary
0.11916203997259471,-0.40625382113189246,globular_cluster
-1.297393430235968,-1.0315696647056933,globular_cluster
1.0940093799571031,-0.010776555708224141,globular_cluster
-2.1806143924873163,0.2081574154843758,field_binary
0.6634477520617008,-1.0639088859509118,globular_cluster
0.6210484235840608,-0.9476022399610448,globular_cluster
2.177405076116758,-0.5446023260360002,pop3_remnant
-1.4115286088521115,-0.9144475243798585,globular_cluster
2.133613829029949,-0.867462808638284,pop3_remnant
-0.3740133280851906,0.4601026667243843,globular_cluster
-0.3802711149871429,-1.2154844311232182,globular_cluster
-2.540903851624536,2.6974332017387255,field_binary
-2.5957044237363514,0.5117828487175451,field_binary
-2.178265414211841,-0.9826798820041892,field_binary
-2.304336031994811,-0.9376224370772837,field_binary
2.2427481977049295,2.3034071512833187,pop3_remnant
0.24960693162893885,-0.8890105025573077,globular_cluster
-0.47788765747157697,1.5062161465582693,globular_cluster
-0.9757663418813228,-0.2620459305228495,globular_cluster
-2.5303248214694505,-0.5433957901912545,field_binary
-0.1621301490999941,0.5447431919345483,globular_cluster
-2.470262106644643,-0.3600663972606006,field_binary
2.2422223789405593,-0.37234905483674313,pop3_remnant
-0.2957003635208096,-0.5636337761648157,globular_cluster
-2.4068511996766175,1.1533952642821346,field_binary
2.7634254966206653,2.8035944274595535,pop3_remnant
-3.0490331292974653,3.5155676724885394,field_binary
2.4670191460336373,1.5634385569546814,pop3_remnant
3.178978848318819,0.4967079438312179,pop3_remnant
-2.623930878169353,0.02275949656289747,field_binary
-2.0781175510860255,-0.4216782871542978,field_binary
-2.432422842031636,2.124585211451212,field_binary
-3.161073083503299,2.509247298854409,field_binary
2.330401553484618,1.614481187773595,pop3_remnant
-2.912201714812223,-1.1434680602096268,field_binary
3.192989915402653,-0.8222338134528097,pop3_remnant
-0.5789611184979425,-1.1082987542046236,globular_cluster
-0.4988186696534886,-0.4240467355122392,globular_cluster
2.4549030578360003,-1.0532904584142522,pop3_remnant
-0.9715934579370681,0.18812599056926682,globular_cluster
-2.7519320209278604,-0.4982267980025966,field_binary
3.3988684290609568,-0.053667059789177546,pop3_remnant
-2.56395050302452,0.9773096711916386,field_binary
-1.7077107847697164,-0.787411141216184,field_binary
-0.9874014838432947,2.1602313172986443,globular_cluster
-2.4812480370053187,-0.8378965388582256,field_binary
2.6612538222051683,0.37962466280405444,pop3_remnant
-2.540333571529639,-0.8444072972578186,field_binary
3.8899270168457845,0.9007146517101114,pop3_remnant
-3.1384057611680656,0.9249059980662733,field_binary
0.1306597926546544,-0.7715298527138134,globular_cluster
3.780603402986379,-0.2484282059841784,pop3_remnant
0.4536038306808067,-0.6565314675309765,globular_cluster
0.10675335995974398,0.906078783200594,globular_cluster
-2.569653765382448,-0.31713974095827724,field_binary
3.089492036446953,-1.1826932900990477,pop3_remnant
-0.17453498780555848,-0.6658945297467204,globular_cluster
-3.49715009717186,-0.6299592324820056,field_binary
-1.5958887589270017,-0.17564380623291648,field_binary
2.059714020766683,-1.1683459994243899,pop3_remnant
-2.6080909652963835,3.4541479868837257,field_binary
3.36986739567339,1.0273653173042532,pop3_remnant
-0.491028988311287,2.474858707776088,globular_cluster
3.4523218626279646,1.1064698485009954,pop3_remnant
-2.782221010677769,-1.022378918325091,field_binary
-2.296691636316812,0.6029514069419082,field_binary
-2.9382526265099047,1.8516388565527706,field_binary
3.55368828490257,-0.4346892493331264,pop3_remnant
-0.4153404684430054,-0.2824428158567966,globular_cluster
-1.1208364045891503,-0.45551116261523705,globular_cluster
1.7852297274137487,-0.41398300211091615,pop3_remnant
2.8057134761483504,-1.525770061037058,pop3_remnant
-0.8500214090382987,-0.5877143980722788,globular_cluster
-0.6955396606443293,-0.7447079905470013,globular_cluster
-2.388148715888248,-1.2099497164204178,field_binary
-0.2686169469955379,-0.6696807661571043,globular_cluster
-0.24117549607601685,0.33145155151556505,globular_cluster
0.3445498753492854,0.7489320798129144,globular_cluster
3.28946172506396,-0.11410576361807656,pop3_remnant
-1.5219675305120204,-0.6631851618284789,field_binary
2.5612212102015266,0.2975776701336257,pop3_remnant
2.302374594926402,0.13361392693266502,pop3_remnant
-1.9858418128640452,-1.072959568350187,field_binary
-1.1071141604372854,-1.224035887566874,globular_cluster
-2.4924493184721204,-1.3279076558328398,field_binary
-0.7975985741768055,0.4035515890589838,globular_cluster
0.8472210102875791,0.4128024775548226,pop3_remnant
0.2592388781487657,-0.057623320830769424,globular_cluster
-1.8899604922688875,-0.4554434337666948,field_binary
0.46884284126499104,1.3621544890627508,globular_cluster
-2.622653198888683,-1.2194474103358306,field_binary
-2.7512655456193653,0.08776149184820618,field_binary
3.984084341672219,-0.4379929549969491,pop3_remnant
3.0262726713987953,-0.6210585953300031,pop3_remnant
1.2317404886559131,-0.1299114232731372,globular_cluster
-2.454083203849754,0.7307581675133079,field_binary
-2.4106433878171694,-1.4253160376633418,field_binary
2.2329665284652083,-1.0688254311016319,pop3_remnant
-1.9024683384398,-0.01025711375677771,field_binary
3.150753257655773,-0.8746031240741879,pop3_remnant
-2.853341699447771,0.13801775806008923,field_binary
3.0774789768041804,1.3599030583688219,pop3_remnant
1.4833727355848214,-0.4018202755846849,pop3_remnant
4.45146098164684,0.10845542231081273,pop3_remnant
0.13410201665565383,-1.1675930811566029,globular_cluster
1.872317179049939,-0.23634371343259708,pop3_remnant
-0.7273618580424152,-0.21996366837738102,globular_cluster
2.6491250107680764,-0.8458844016385931,pop3_remnant
2.839509820663227,-1.3861224893065398,pop3_remnant
-0.46498718000699574,-0.7721749154661302,globular_cluster
-2.114316111350071,-0.7101808068399468,field_binary
0.17201802014796402,0.9640053677223399,globular_cluster
3.7063096061376517,0.25130105237017497,pop3_remnant
2.6698909215611217,0.032147270044787166,pop3_remnant
-3.3313527215405414,-0.7884122192574226,field_binary
-0.6243704535159913,-0.09025375913550761,globular_cluster
-2.745719467432881,-0.6656014942572254,field_binary
3.6009318111655078,-0.5510350311448315,pop3_remnant
2.6516190350194764,1.4663802487773503,pop3_remnant
-0.11395514995192502,-1.3143859719508966,globular_cluster
3.627607069105217,1.132288140185317,pop3_remnant
-0.4208924084721448,0.35414023118783006,globular_cluster
-2.1004659233254173,-1.3690806149630264,field_binary
-1.5978932327736977,-0.5254350584648412,globular_cluster
-0.42740891300410466,2.0884440700643965,globular_cluster
-0.6827841344894567,1.749434991145323,globular_cluster
-2.972103762564442,0.3933131311231664,field_binary
2.7585582485469984,-0.6460186669538077,pop3_remnant
0.5250644277453818,-1.0314288163370813,globular_cluster
2.03538320378507,-0.8175961744618716,pop3_remnant
1.8485115800238727,-0.8093536075827095,pop3_remnant
3.1597909348384765,-0.6942311536095729,pop3_remnant
-1.9751470230076054,-0.43441759250564715,field_binary
-2.3299106867443315,-0.2907213256361803,field_binary
-0.42259949551053944,-1.0415862179422781,globular_cluster
-0.3331521803363657,-0.7963438439497483,globular_cluster
-3.014877012703885,1.938925306764541,field_binary
-2.6701997076422783,0.5569318714903314,field_binary
-0.8118116855572156,-0.1833304495754372,globular_cluster
1.1894135387338878,-0.44774552376043736,globular_cluster
-2.379528007080885,-1.2619498892995902,field_binary
3.4260552139420852,-0.8007135490295484,pop3_remnant
-1.5416788329314945,1.24101268974826,globular_cluster
-0.5075695018812292,-0.5287620281828702,globular_cluster
-1.3053342618862898,1.5653140923606461,globular_cluster
2.010274844035478,1.6606216212431737,pop3_remnant
0.0775224071839856,-0.7902525927059016,globular_cluster
-0.6120786822198991,-0.6490950786490502,globular_cluster
2.8509221125780093,0.5362475638350235,pop3_remnant
4.04486713566744,-0.23525666344447196,pop3_remnant
3.464900434055835,0.27467699786622735,pop3_remnant
2.3493855383776907,1.0652326161064642,pop3_remnant
-2.2874154514637177,-0.902519256362539,field_binary
-3.6985032327157756,4.758383470826627,field_binary
-3.050448459494404,0.5971750497788217,field_binary
1.801523963563223,-0.9941667946911701,pop3_remnant
-2.200290800128735,-0.8325314341526948,field_binary
-0.6021142234216303,-0.9689906194891968,globular_cluster
1.7939348706967426,0.8485144386169614,pop3_remnant
-0.22158188607172524,-1.023167138851322,globular_cluster
-3.0612308255332126,1.033071575191829,field_binary
-3.007772005174152,0.24546240493959953,field_binary
-2.938750125247444,3.616721737486351,field_binary
-0.6487622115099289,1.2391894443521496,globular_cluster
-2.835305279616418,-0.8722435183290818,field_binary
-3.1692496810739303,3.6846607045560766,field_binary
-0.11372036690502588,-0.9209679977869923,globular_cluster
1.1090590429749612,0.2697508113785469,pop3_remnant
4.749389177219355,0.2776201980132882,pop3_remnant
-1.7043698408604455,0.5649012732033293,globular_cluster
2.116968459911703,0.09364071240397363,pop3_remnant
-1.7155992382434608,-0.42598191943129965,field_binary
0.027891254559069212,-0.6302880121331502,globular_cluster
1.88946855750597,0.015880024453340233,pop3_remnant
-2.808417975896701,-1.0975966367620023,field_binary
-1.9724033831560799,-1.4354349759979625,field_binary
1.4569772158483554,0.7935459493986838,pop3_remnant
2.438428238363663,-0.42380733622893413,pop3_remnant
-2.1501928909949686,-1.0587612080663193,field_binary
3.2428010998218313,-0.8480744224187108,pop3_remnant
-2.373338105247131,0.526296973988776,field_binary
2.9494956485163244,0.8096926031480179,pop3_remnant
-1.8407519838342012,0.1714129349185822,field_binary
0.409419527083235,0.07990656500385965,globular_cluster
-2.949609788828767,1.0818601812027444,field_binary
-0.5328053901223375,-1.208912112317292,globular_cluster
-1.106947605768247,2.2493395947717048,globular_cluster
-1.7630312609126673,-0.21064846254692796,field_binary
-2.2704067225038598,-0.07926939543146043,field_binary
1.607729580464564,-0.1697803956286081,pop3_remnant
-0.8413256886557477,0.5133088165005528,globular_cluster
-0.44055551339110155,0.8020294161246744,globular_cluster
-1.736625318767103,1.008238520185703,globular_cluster
-1.9974510378278263,-1.1123872904653564,field_binary
-1.8551523117993578,-0.3194220168630904,field_binary
-2.417710857099173,0.3032470703812499,field_binary
0.2339214656915824,-0.9694908929453991,globular_cluster
2.83594560707058,1.0251157380491276,pop3_remnant
0.7494399537177647,0.29324935309696615,globular_cluster
-2.395148406562447,1.8961355796359465,field_binary
0.12171883857548171,-0.07264722907647944,globular_cluster
1.559847804057055,-0.46743098498948094,pop3_remnant
-0.5880169635736511,0.04856102868728229,globular_cluster
0.26010424117078923,0.16757729685427114,globular_cluster
-1.0639644038551077,-0.5501149032632365,globular_cluster
-0.29478707270303606,0.35117766718574217,globular_cluster
3.7904099465464824,0.35063864732470734,pop3_remnant
3.813296237260907,-0.02039380450102919,pop3_remnant
-2.5515520931585294,-0.9888658305302648,field_binary
-2.009940341134992,-1.038972528303666,field_binary
-0.5472613914220229,-0.8860391042961131,globular_cluster
-0.44907353098792985,-0.34056173619455227,globular_cluster
3.2269423243152615,1.1465044584178283,pop3_remnant
-2.5871004996627907,0.5774493018314861,field_binary
-0.1440361244790474,0.33357419768194185,globular_cluster
-0.3034427466814854,-1.1707764258578848,globular_cluster
2.1091758319721596,-0.26918984678041885,pop3_remnant
0.07873414253368914,-0.6500719292422755,globular_cluster
1.9477649051910888,1.568775175577087,pop3_remnant
2.2001454739164306,-0.898312864396361,pop3_remnant
-1.9942983469872715,-0.5672139462508622,field_binary
-0.38526231891707696,-0.9789029568471662,globular_cluster
-2.5602923090248066,3.6352976347047647,field_binary
-2.2569364132767746,-0.7843868910404729,field_binary
-1.0297395995125425,0.5431841156534412,globular_cluster
-2.66818805671025,1.260970303526617,field_binary
-2.048968254929427,-0.39637884763304587,field_binary
0.4049083118990859,-0.7998236172403885,globular_cluster
-2.2695244657659983,-0.09721510637552284,field_binary
-3.0019942716146555,-0.4532784321722221,field_binary
-2.5182588956703964,0.27861682794711035,field_binary
-0.6706472340393641,0.5955171484207624,globular_cluster
3.4971379497899804,-1.1768062347926427,pop3_remnant
-2.420634095913743,-1.1298065807636914,field_binary
-2.5286396440550503,-0.8962403881797647,field_binary
3.9297303981788456,-0.3189624431849788,pop3_remnant
0.6201534163710762,-0.17906172444473908,globular_cluster
3.578526507503993,-0.802592312680668,pop3_remnant
-0.3426890614452329,-1.272795885894955,globular_cluster
3.4578535844728946,-0.2549679371776051,pop3_remnant
0.3945707723927106,0.2272291846052122,globular_cluster
-2.354597576071811,-1.3144278716612783,field_binary
-2.7905499363413635,-0.7941686474821891,field_binary
2.227219525116627,-0.16314998091753657,pop3_remnant
-2.2593864859026875,-1.1190398863334694,field_binary
-2.375198858738544,0.9579380401517752,field_binary
-2.4228588990698854,1.6189529674247563,field_binary
1.832126464179111,-0.8748738448266263,pop3_remnant
-0.06734139068636293,0.09266589329166759,globular_cluster
0.13247817068456658,-0.732512386432866,globular_cluster
-0.7385410202167721,-0.37530383346055496,globular_cluster
-1.6895626321116746,-0.6876074642137516,field_binary
0.23578363878566777,1.6583078529877877,globular_cluster
-0.7893098452579712,0.09925755966105852,globular_cluster
-2.583160243154174,0.41684587867219064,field_binary
4.529718030876169,0.19407209591256863,pop3_remnant
-2.4274833470715707,-0.8234451727078163,field_binary
-0.693908895965065,1.1792508359722553,globular_cluster
-0.46113120789532913,0.4717339382709264,globular_cluster
-1.864186888407878,-0.17223171845907218,field_binary
3.902134366924122,-0.12405180157647934,pop3_remnant
3.380201087580239,0.09921053143669892,pop3_remnant
-2.3563941406748894,0.3109700354994033,field_binary
-2.932771333515377,0.8730106539444727,field_binary
0.3574393564202099,0.48298655271033325,globular_cluster
-2.066043652254336,-0.6012724088022515,field_binary
1.9532226685813892,-0.3870535887994299,pop3_remnant
-0.8829241339475743,-0.5205245596464063,globular_cluster
2.134427677392056,1.7021805864632396,pop3_remnant
2.780214040638989,0.21566008476377835,pop3_remnant
-0.9190189266387225,-0.5611775173328961,globular_cluster
4.009548344956948,-0.0021355542695802934,pop3_remnant
0.03988645405545537,0.9099163077768041,globular_cluster
-0.7957295903413746,-0.31524615355015284,globular_cluster
3.8166679568091224,-0.12783549773502395,pop3_remnant
2.720715899607357,-0.9556164307454564,pop3_remnant
-2.3890684726966973,-0.3027893416172678,field_binary
-2.331622877407265,2.4645119765284904,field_binary
-1.8719775718476557,-0.5035266901666892,field_binary
2.9912213455385777,2.015789925794545,pop3_remnant
2.4484594482893924,1.2155128595147007,pop3_remnant
2.725678783589033,1.0976268221411098,pop3_remnant
0.3209508735860572,-0.7808613582311327,globular_cluster
2.6953862161946898,-0.5505211620752405,pop3_remnant
-0.9458185900760699,0.4254524523269267,globular_cluster
-2.4947519403003144,-0.5368877173102815,field_binary
0.9737333996738625,-1.3544357017192836,globular_cluster
-0.5098786572873969,0.5455660725083863,globular_cluster
2.0042058543326933,-0.5435722499759423,pop3_remnant
-2.3861079247606636,-0.8904266780393316,field_binary
-0.1427192709383824,-1.1531838013131859,globular_cluster
3.115278966947034,1.0790587345730767,pop3_remnant
-0.2058595830540283,2.0368234029397727,globular_cluster
1.9304489344988192,0.22567396841069798,pop3_remnant
0.22109536521622136,-0.9389119704551192,globular_cluster
3.9526191844238157,0.1546741261510909,pop3_remnant
-0.5465332894154729,-1.4010279668589387,globular_cluster
0.3575819844066534,0.28753470636253026,globular_cluster
-2.498395063233944,-0.7085074380721007,field_binary
-2.583026549928905,-1.1258007063388473,field_binary
-2.4460559300113047,-1.3025043485736238,field_binary
-2.1446292306645955,-1.13188857473911,field_binary
2.1250285253218233,-0.47855038254466653,pop3_remnant
3.7182808326401955,-0.676601051604095,pop3_remnant
-2.617826806269871,-0.06209420565302495,field_binary
-2.824674511636327,-1.4702764838462046,field_binary
2.7792043540403006,1.8911111093463122,pop3_remnant
0.9014251561005937,0.08495543767296498,pop3_remnant
-0.10079976711285338,2.539692945222336,globular_cluster
-2.5128677884428163,-0.15826961082518928,field_binary
-1.8742849292517259,-1.262246797422595,field_binary
0.6558566929339873,-0.3416446132076685,globular_cluster
-2.2979374381417417,0.8135722657727845,field_binary
3.4871713257296406,0.8686383218226098,pop3_remnant
2.9683385288085233,-0.6383668447697304,pop3_remnant
-0.4502437732940044,-0.9773029616761725,globular_cluster
1.503588302881725,0.3214680774518292,pop3_remnant
-0.9022408333443506,0.20064512342541377,globular_cluster
-2.4454119333182067,-0.06294966846971285,field_binary
-2.303069096934463,0.07138094244713844,field_binary
-0.7045297218644946,0.6234696597569014,globular_cluster
-2.772664685306986,-1.485007875713036,field_binary
2.394274261188629,-0.27469538962762086,pop3_remnant
-3.2905215977704754,5.098147590425126,field_binary
-3.3088245860176744,-0.37892259203130285,field_binary
0.19813351952659827,-1.4965311382190098,globular_cluster
-2.4405901142726556,-0.6357998427370375,field_binary
-2.3618396837861426,-0.7277368080188593,field_binary
-0.9815161242443893,0.9202258699906898,globular_cluster
0.3197314420026084,-0.7220172206383442,globular_cluster
1.9187733767593327,0.32310637274727133,pop3_remnant
3.6847186768353017,0.28297407911850864,pop3_remnant
2.2500977488347242,-0.3166270335793804,pop3_remnant
3.0229766969777745,-1.2623706901460168,pop3_remnant
-0.5750328401459858,-0.2470199950451729,globular_cluster
2.2842122748748186,0.15777131231918848,pop3_remnant
-3.205775621907256,2.4210771371363764,field_binary
2.0080292426912263,1.4817760551137784,pop3_remnant
0.31093732929603857,0.05009275671147895,globular_cluster
2.5835513321134824,-1.3405544209359466,pop3_remnant
-2.4708727447656957,0.07634385827366912,field_binary
-2.563659358855762,0.45535320643264965,field_binary
-2.7917787141202717,-0.8241821343404891,field_binary
1.9966399413624927,0.033506823209906396,pop3_remnant
-0.7087416092886176,-0.9863687540212697,globular_cluster
1.9345027225487232,1.4836841546566468,pop3_remnant
-2.3848403472281565,-1.5081516144779819,field_binary
-1.8930089452448304,-0.9810115645801174,field_binary
-2.662752618059006,3.031181493646394,field_binary
-1.217983688305638,0.3024160187403377,globular_cluster
-0.26646420171508367,-0.6615094215083158,globular_cluster
1.8026341144821099,-0.7856492024597158,pop3_remnant
-2.7372694497827883,3.4888497961468117,field_binary
-0.05859843981131604,-0.6398616630910264,globular_cluster
2.858157393664886,-1.037977364628329,pop3_remnant
2.827815275144094,-0.785290403402557,pop3_remnant
-1.299135715778037,-1.217111485617756,globular_cluster
-3.4176615825513146,2.677194897364059,field_binary
1.993155493710827,1.2338155083069489,pop3_remnant
2.7820351850386413,-1.1371533301980152,pop3_remnant
-2.3024690513601556,0.9147131460143255,field_binary
1.2239992742144603,0.07520950765473446,pop3_remnant
2.9919250245783995,-0.04083688958935109,pop3_remnant
2.6911011388089396,0.054623457911482605,pop3_remnant
0.2405594370543309,-1.06569056371637,globular_cluster
3.166470321490088,-0.7592619762460316,pop3_remnant
2.524231916117667,1.2413691185573583,pop3_remnant
2.8182441354535563,1.847878119025265,pop3_remnant
2.4964923288477086,1.7322200245214303,pop3_remnant
1.333177478426578,0.35029505530767463,pop3_remnant
1.0782873324505413,0.24686705389323005,globular_cluster
-2.4148114699007786,0.41829497984287556,field_binary
-0.7927741785828217,0.6186716661201548,globular_cluster
2.51826446980734,1.7936885711953374,pop3_remnant
-2.241860172991045,-1.2385489220880468,field_binary
2.8240554682176047,0.4659592784549973,pop3_remnant
0.20691819311335416,-0.8851441963647712,globular_cluster
1.7086495509900732,0.26437484842084186,pop3_remnant
2.438400013115998,-0.6976018721174532,pop3_remnant
1.8756423380158065,0.1953670567031153,pop3_remnant
2.899909013592737,1.8534896510032666,pop3_remnant
3.1811533655521345,0.6633793274510772,pop3_remnant
-2.523201149295273,1.2459492761943034,field_binary
2.5218006153243238,2.538429890578703,pop3_remnant
4.5385802698297475,0.3201285702804689,pop3_remnant
0.6900665709872962,-1.03307794694758,globular_cluster
-2.3549607290775185,0.6291710997935195,field_binary
-1.846363521971302,-1.089721366979872,field_binary
2.3826871133884087,0.9048340204474574,pop3_remnant
4.017801370817502,1.3842464947944928,pop3_remnant
-2.2139279612045035,0.19486236352701516,field_binary
-1.5349818918911988,0.2763595025905034,globular_cluster
-0.6773015260400669,-0.4968104502367114,globular_cluster
-0.5064963978351875,-0.9852430030327388,globular_cluster
-1.281866523121789,-0.4898304326151413,globular_cluster
4.190087670292797,-0.09305323821696154,pop3_remnant
2.416148416060008,0.49326301534694766,pop3_remnant
-0.27901331856789807,-0.9928189311851717,globular_cluster
-2.703310543935821,-1.14903520869553,field_binary
-1.7713027951415126,-0.40032254952029583,field_binary
-2.2441724079764995,1.4780523843035063,field_binary
0.03600675544125152,1.0089462347665001,globular_cluster
4.1950245512647735,0.04390455936688811,pop3_remnant
-1.6474210832422185,-0.8274185238682761,field_binary
2.893031682876601,-1.2526710969438286,pop3_remnant
-0.8842358831276144,-0.7434740953828625,globular_cluster
4.000124920340318,-0.3084456743904118,pop3_remnant
-2.5347360438616566,-0.5017349907265473,field_binary
-2.230258326536183,0.043120343877472156,field_binary
-2.0275974385519566,-0.5280673985656574,field_binary
-2.263198522983486,-0.9179728776181838,field_binary
0.15809984489552967,-0.8828620494482711,globular_cluster
-0.4957030743585373,-0.17748715176330226,globular_cluster
-2.530813180352665,0.7919289965219194,field_binary
-1.9599572263138518,-1.2335435158222248,field_binary
2.0733591037572587,0.8234820299957369,pop3_remnant
2.291836300176703,0.39906533935394456,pop3_remnant
2.997951339176892,1.9435622039850908,pop3_remnant
0.49755650342199337,-1.2452386035180383,globular_cluster
-0.6451569614786828,-1.1898032609728941,globular_cluster
3.4320125702239634,0.5702570266302764,pop3_remnant
3.071282914447241,0.7459931594987739,pop3_remnant
2.6988249916670077,-1.2784057838097371,pop3_remnant
-2.4707066984557553,1.5348216972832056,field_binary
0.2900531442836722,-0.7571318126195067,globular_cluster
-2.694880312031161,0.7691267532877251,field_binary
3.0069694622435237,0.062203662669469785,pop3_remnant
-0.7238624247927292,-0.32791865642522516,globular_cluster
-1.938624074080047,-0.868596695288109,field_binary
3.8101247121269,-0.550402929102711,pop3_remnant
0.917041515887288,-0.33171436125334597,globular_cluster
1.7533245122753043,-0.31973385332611204,pop3_remnant
3.710854174790329,0.7070134563741924,pop3_remnant
-0.3529149439217305,0.23886960464552592,globular_cluster
-0.7272521450117494,-0.6136856020065277,globular_cluster
2.8999207260795767,0.8747349981339608,pop3_remnant
3.5457532233020244,0.6021048432894855,pop3_remnant
0.1805277882187276,0.6739119944631677,globular_cluster
0.8652741727118144,-0.5295004196017961,globular_cluster
3.017960619534954,1.258217800763014,pop3_remnant
2.9288289023354728,-0.5022897869860937,pop3_remnant
0.11913036432662084,0.005244061257285248,globular_cluster
1.3668512689966497,-0.39229469626263147,pop3_remnant
-0.5551473082099825,-0.6632565871744608,globular_cluster
2.277472620626688,2.0247362033579726,pop3_remnant
-2.037015206815177,-0.08309345861833481,field_binary
-2.401105875460806,-1.2874317849824422,field_binary
2.2363284940466506,0.2931646081764728,pop3_remnant
3.0041003608184993,0.6577576249646662,pop3_remnant
-1.9721653171741578,0.09276058266922574,field_binary
-0.8862891259268506,0.5457591992173451,globular_cluster
1.908423775394107,-0.1403261105924305,pop3_remnant
3.102778897099824,0.2369966202655457,pop3_remnant
3.1005842574512514,-0.6371157513921841,pop3_remnant
0.9542502967416882,0.19020640475688014,globular_cluster
-1.3172109430811096,-0.5226619608463883,globular_cluster
-2.161378003104302,-1.3459605578593785,field_binary
-0.4503503195290062,-0.4850594492777067,globular_cluster
-1.8405824009276508,0.610867004426353,field_binary
-0.3292384316368729,-1.0123055562515553,globular_cluster
2.1210807061819787,0.577635329918556,pop3_remnant
-2.213090577804397,-1.3886418450057536,field_binary
2.4079044366934963,1.72065570149753,pop3_remnant
-1.9994197137845018,-0.30894546011299656,field_binary
-2.6149326117779212,-0.6959545995560349,field_binary
3.3610598716683597,0.10063009172979996,pop3_remnant
-0.7339137579292774,0.4757149358574384,globular_cluster
-1.7325856763090681,1.3486268275094206,field_binary
-2.7560071830989727,-0.26481801455692744,field_binary
0.5733770494194206,-0.392502520547096,pop3_remnant
-2.268870536330989,-0.0816725844951827,field_binary
2.9160148256420504,-0.8014963863895214,pop3_remnant
-2.0675101468391355,-1.226465072831964,field_binary
3.092054452870593,0.36839885535018657,pop3_remnant
-2.0917575510314146,-0.5652367394793772,field_binary
-0.9895274589402653,2.071288382171193,globular_cluster
-2.33890393852331,-0.5640049684340952,field_binary
-2.168446369838714,-0.3957564061516277,field_binary
-0.7800906284961013,-1.5300536439534584,globular_cluster
2.797107021340702,2.735632872252987,pop3_remnant
3.372517774094519,0.6107544192538805,pop3_remnant
0.5552278625834782,0.08146522255939931,globular_cluster
0.03357214452688715,-0.4475116273966748,globular_cluster
2.658570156451631,-0.7096601173193341,pop3_remnant
-2.2812498112165622,2.5746436960400274,field_binary
0.0877141489084505,-0.3581853117993372,globular_cluster
-1.1159986188120523,0.25729199391206864,globular_cluster
1.9238004822007853,-0.3146481236338185,pop3_remnant
0.1774071964012148,-0.41656159660884134,globular_cluster
0.07868991973972522,2.478968245603868,globular_cluster
2.353160128177336,-0.891024943560389,pop3_remnant
2.001234795043048,0.1765157361926656,pop3_remnant
-0.16467628581964402,-0.5134314158914113,globular_cluster
0.12220259939716223,0.3970737583837217,globular_cluster
3.1297853556456796,0.3702375187142742,pop3_remnant
-0.12190365168624295,-0.025432219372278294,globular_cluster
0.6499698430554568,-0.25849247968785793,globular_cluster
-0.9755448898561087,-1.3785356038313354,globular_cluster
0.24707703941943407,-0.9267634045614299,globular_cluster
3.4397539269230384,1.388037819591507,pop3_remnant
0.5652398513087669,-0.8916047164017733,globular_cluster
-0.389826190807471,-0.47623112502367154,globular_cluster
3.4767838051483375,-0.7506786690999959,pop3_remnant
-0.528450516275081,-1.0988857929984388,globular_cluster
-2.4124896690083215,-0.7166473863557326,field_binary
3.0579156096139464,-0.7741733221682942,pop3_remnant
-1.1561397687520354,2.3562487460873296,globular_cluster
-1.6956508379443826,0.4444534354442746,globular_cluster
1.5273796736867227,-0.7105179865676448,pop3_remnant
1.8307697028724557,0.40918358614924977,pop3_remnant
2.8116898761777693,-1.147774692458334,pop3_remnant
-2.7472124844695185,0.27428590613810444,field_binary
-2.9547486506066365,-0.0981830581044939,field_binary
-0.6109331462908392,-0.5435291502413757,globular_cluster
2.5891800276843826,-0.35158304809079305,pop3_remnant
-2.163441225029924,-0.15496438801935725,field_binary
0.19409092654245408,0.31890637338011235,globular_cluster
2.3657549015235952,1.7765217999355545,pop3_remnant
3.4425640312896664,-0.04911035182009252,pop3_remnant
-0.5102752037538357,-1.32488916330294,globular_cluster
-1.5858606032546694,-0.3499626828201658,globular_cluster
3.0095191621119954,0.11936654155480164,pop3_remnant
-1.6443077690556351,0.11851248472603237,globular_cluster
-0.16082403406878384,0.01960853079376114,globular_cluster
-3.547407825984098,6.015623585036501,field_binary
3.5565164014415056,0.24382938415946617,pop3_remnant
0.7890115569635434,0.5565641656947189,globular_cluster
-0.7937654577484882,-1.3648677375336489,globular_cluster
2.9744823409949195,-0.7047169416571594,pop3_remnant
2.6219548699172566,-0.09558159113214804,pop3_remnant
3.812977243414435,-0.5681463928758782,pop3_remnant
-0.6703241413234623,0.7561245714065253,globular_cluster
-3.141015868577927,-1.1443141088286735,field_binary
-1.5755787889424009,-0.6282382389812668,field_binary
3.054249346347237,-0.9127081024275464,pop3_remnant
-2.9098336174970756,-0.39851099723039624,field_binary
1.766185636375176,-0.12326337278467277,pop3_remnant
-2.8106608591846034,-0.5098482214018717,field_binary
-2.2470811844500447,-0.4894136619570196,field_binary
-2.513026639676439,0.9874568672334144,field_binary
-0.5998566300738369,-0.41019484881984586,globular_cluster
-1.9173211571825846,0.0016083601453309915,field_binary
0.4198657969181101,-0.30310029171929387,globular_cluster
3.261326647082558,-0.8319702154954697,pop3_remnant
-0.07923276665254994,-0.6338105207984994,globular_cluster
-0.11646886045976883,-0.9135279489488741,globular_cluster
-3.3447930683500546,1.474910172755596,field_binary
-2.214348244093015,1.2855836971455041,field_binary
2.850082617236141,-0.820801129682703,pop3_remnant
0.48281381170600013,-0.30573618615233733,globular_cluster
-2.7644129303040508,0.6748579351353229,field_binary
-2.8338753510315673,-1.1552328461798487,field_binary
-0.41195042328367587,-0.289441547371673,globular_cluster
-2.928951088106048,-1.0723644402963606,field_binary
0.08149598734000074,-0.48311152228845006,globular_cluster
2.8853641881809797,-0.48944244178868,pop3_remnant
3.582896426974343,1.316620351291866,pop3_remnant
-2.375175742757588,-0.2055800402394112,field_binary
-0.8673242254843625,0.331433232462129,globular_cluster
-2.77604306517875,-0.24013569903961657,field_binary
1.0406098603340341,0.7675911737017349,pop3_remnant
-1.5490471168342659,0.48777011537301546,globular_cluster
3.738352002280066,-0.4991448009304445,pop3_remnant
-2.827569929879972,-0.34194340815647434,field_binary
3.3640392717709133,-0.8003272847656747,pop3_remnant
-3.3410188766846427,0.692225034959335,field_binary
-2.833978486083255,-1.059786475481595,field_binary
-0.7026746438276731,0.16825872195442676,globular_cluster
-0.47880208854051826,2.269777333105048,globular_cluster
0.6608115760602619,2.005619230518029,globular_cluster
3.4997756341409727,-0.8050384716177617,pop3_remnant
-0.23730134725649069,0.5284097744105701,globular_cluster
2.774232691297535,-0.1800822623430764,pop3_remnant
2.9406533883012376,0.10867464259540258,pop3_remnant
1.6430254799945538,-0.11241740414488394,pop3_remnant
-3.1119205639860916,3.161067162412639,field_binary
-2.550522736547734,-1.4237408570103327,field_binary
-0.11691692385823671,-0.7594282840429873,globular_cluster
-0.45742877576558405,-1.1467415125928815,globular_cluster
3.71840029857175,-0.30809499750323543,pop3_remnant
-2.1532714348474786,-0.5332311613678183,field_binary
2.254143269184492,0.6045519736329912,pop3_remnant
0.29125943836510587,0.5381798011476238,globular_cluster
-1.41226590213983,1.5854543495644458,globular_cluster
-2.298058647320203,-1.2231307543320282,field_binary
-2.1742567532611434,0.8562471358194756,field_binary
-2.636223946532795,-0.09349134623897055,field_binary
-0.8898414073960698,-0.40628375115149784,globular_cluster
-3.038806777454326,0.45303255399634285,field_binary
-2.542803548685853,-0.12055416850473162,field_binary
4.81927697258034,0.20591516193941037,pop3_remnant
-1.6854046017951079,-0.030743422371375916,field_binary
1.2134466394050565,-0.9162355868765302,globular_cluster
3.3740774925318253,0.2787240127241963,pop3_remnant
2.6809149051413677,-0.6141589214943332,pop3_remnant
-0.5248090449911595,0.615780088946651,globular_cluster
3.6027053034760694,1.1701690621675704,pop3_remnant
-0.6727083695975087,0.4453474318397805,globular_cluster
4.001801576075195,0.7102861146456309,pop3_remnant
-2.5757200543136616,-0.5722377016313551,field_binary
3.0044333551425524,0.6946899106969966,pop3_remnant
0.860522759300746,-0.7164488001921447,globular_cluster
-1.4306586117899984,0.06511834112369057,globular_cluster
3.323170379250767,-0.6070737648516048,pop3_remnant
0.565809104891071,0.13399528926292778,globular_cluster
1.711709595474367,-0.2062814331033296,pop3_remnant
-0.6611314715307096,1.0091608401150498,globular_cluster
-1.9647372853588605,-0.666326618003401,field_binary
-2.825033834105004,2.1993441037015384,field_binary
0.2669124300458847,-0.6865098267920395,globular_cluster
-2.3031751267536897,-1.3113366530641533,field_binary
2.6269296067829635,-0.6352393396935001,pop3_remnant
-1.6364143923303733,-0.30211119051059293,field_binary
3.291758317019114,-0.2013524628404478,pop3_remnant
-2.80149563362032,-0.2441071449425565,field_binary
0.17976594999777906,-0.7683055240366433,globular_cluster
-2.4780480884509126,0.4134757916417736,field_binary
0.9348786450729268,-0.1653322754949607,pop3_remnant
3.061095744397064,0.02804986206643545,pop3_remnant
-2.6216112714099338,-0.9927286482848948,field_binary
-2.7581515481800842,-0.8202362319833225,field_binary
-0.08046861854709177,-0.1213124222806587,globular_cluster
-2.0886765992655336,-1.1234890351108546,field_binary
3.15210920067647,-0.8619387364719647,pop3_remnant
2.5863072083194703,-0.17836907395652654,pop3_remnant
2.2451187422213192,-0.12062412256023938,pop3_remnant
1.93620677977838,-0.8725149333173534,pop3_remnant
3.1027608773374156,0.16034933646861166,pop3_remnant
